title,company,location,salary,experience,source
Not Available,Not Available,Not Available,Not Available,Not Available,Internshala
LP Analyst,UpGrad Rekrut,Noida,Not Available,Not Available,Internshala
Performance Marketing,LeadNexus LLP,Pune,Not Available,Not Available,Internshala
Robotics And AI Trainer,Robo Labs,Kolkata,Not Available,Not Available,Internshala
Performance Marketing Specialist,Guerdon Kicks,Gurgaon (Hybrid),Not Available,Not Available,Internshala
Perception Engineer,ARTPARK,Bangalore,Not Available,Not Available,Internshala
Performance Marketing Associate,Break The Code,Mumbai,Not Available,Not Available,Internshala
Paid Ads Specialist (Google Ads And Meta Ads),ViralChilly,Jaipur,Not Available,Not Available,Internshala
Crypto Trader,Trading Fox Private Limited,Jaipur,Not Available,Not Available,Internshala
Webinar And AI Software Engineer,Streamonweb,Gurgaon,Not Available,Not Available,Internshala
Robotics & Coding Trainer For School Students,CyncNLeap Education Solution,"Hyderabad, Bangalore",Not Available,Not Available,Internshala
Artificial Intelligence (AI) Executive,VIZON,"Dehradun, Delhi, Bangalore",Not Available,Not Available,Internshala
Artificial Intelligence (AI) Executive,VIZON,Work from home,Not Available,Not Available,Internshala
Strategy Manager,Turtlemint,Mumbai,Not Available,Not Available,Internshala
Marathi Speaker - Online Data Analyst,"TELUS International AI Inc. (Las Vegas, United States)",Work from home,Not Available,Not Available,Internshala
Malayalam Speaker - Online Data Analyst,"TELUS International AI Inc. (Las Vegas, United States)",Work from home,Not Available,Not Available,Internshala
Gujarati Speaker - Online Data Analyst,"TELUS International AI Inc. (Las Vegas, United States)",Work from home,Not Available,Not Available,Internshala
Online Data Analyst - Punjabi Speaker,"TELUS International AI Inc. (Las Vegas, United States)",Work from home,Not Available,Not Available,Internshala
Online Data Analyst - Urdu Speaker,"TELUS International AI Inc. (Las Vegas, United States)",Work from home,Not Available,Not Available,Internshala
Online Data Analyst - Tamil Speaker,"TELUS International AI Inc. (Las Vegas, United States)",Work from home,Not Available,Not Available,Internshala
WFH Online Data Analyst Malayalam Language,"TELUS International AI Inc. (Las Vegas, United States)",Work from home,Not Available,Not Available,Internshala
WFH Online Data Analyst Marathi Language,"TELUS International AI Inc. (Las Vegas, United States)",Work from home,Not Available,Not Available,Internshala
WFH Online Data Analyst Gujarati Language,"TELUS International AI Inc. (Las Vegas, United States)",Work from home,Not Available,Not Available,Internshala
Malayalam Speaker Online Data Analyst,"TELUS International AI Inc. (Las Vegas, United States)",Work from home,Not Available,Not Available,Internshala
Marathi Speaker Online Data Analyst,"TELUS International AI Inc. (Las Vegas, United States)",Work from home,Not Available,Not Available,Internshala
Gujarati Speaker Online Data Analyst,"TELUS International AI Inc. (Las Vegas, United States)",Work from home,Not Available,Not Available,Internshala
Data Analytics Associate,"Grade A Accounting (London, United Kingdom)",Work from home,Not Available,Not Available,Internshala
Walkin Drive For Data Management;Exp: 2 To 5 Yrs-21st May At Bangalore,Infosys BPM,Bangalore,Not Available,Not Available,Internshala
Associate Analyst,Toluna,Nanakramguda,Not Available,Not Available,Internshala
Senior Executive Procurement Research & Operations,Godrej Agrovet Limited,Maharashtra,Not Available,Not Available,Internshala
Business Intelligence Analyst,Newfold Digital,Maharashtra,Not Available,Not Available,Internshala
Senior Data Engineer,Hire Right Search Partners,Noida,Not Available,Not Available,Internshala
Data/Analytics Lead,Hire Right Search Partners,Noida,Not Available,Not Available,Internshala
Faculty Of Business Analytics/ Data Science,Anthroplace Consulting,Kolkata,Not Available,Not Available,Internshala
SAP Controller & AI Executive (For Mines Industry),Hire Xpert,Mumbai,Not Available,Not Available,Internshala
Data Scientist,QuickHyre,Work from home,Not Available,Not Available,Internshala
Generative AI Architect (Code Generation),HSL,Bangalore,Not Available,Not Available,Internshala
Gen AI Engineer,GGS Staffing Private Limited,Work from home,Not Available,Not Available,Internshala
Operations Field Engineer - Robotics And AI,MyTron Labs LLP,Surat,Not Available,Not Available,Internshala
GenAI Developer,TrainingMug,Work from home,Not Available,Not Available,Internshala
Frappe Techno Functional Consultant/Engineer,Technoculture Research,Bangalore,Not Available,Not Available,Internshala
Digital Market Intelligence Analyst,ALIQAN Technologies,"Chennai, Delhi, Maharashtra, Nanakramguda, Bangalore",Not Available,Not Available,Internshala
Artificial Intelligence (AI) Specialist,Tallect,Work from home,Not Available,Not Available,Internshala
AI Marketing Specialist (Automation),Proof-of-Skill,Work from home,Not Available,Not Available,Internshala
Business Analyst,QANinjas,Work from home,Not Available,Not Available,Internshala
Data Analytics Associate,Superwork,Work from home,Not Available,Not Available,Internshala
Business Intelligence Analyst,Empower Professionals Incorporation - Talent & IT Services,Work from home,Not Available,Not Available,Internshala
Senior Digital Marketing Specialist,Indipro,Bangalore,Not Available,Not Available,Internshala
SD-1,Wokelo AI,Work from home,Not Available,Not Available,Internshala
Data Analyst (Catastrophe Modeling),UpGrad Rekrut,"Mumbai, Bangalore (Hybrid)",Not Available,Not Available,Internshala
Associate AI Product Engineer,ShortHills Tech Private Limited,Gurgaon,Not Available,Not Available,Internshala
